ioc_type,value,vt_malicious,vt_suspicious,vt_total_engines,risk_level,malware_family,country,tags
domain,0mx1lntastantretatlanpassword.com,8,0,94,high,,,dga
domain,0mxus3rauthkeepsame.com,10,0,94,critical,,,dga
domain,10311landex.com,8,0,94,high,,,dga
domain,206pms.com,8,0,94,high,,,dga
domain,286755.codesandbox.io,1,0,94,medium,,,
domain,2nbskull.com,8,0,94,high,,,dga
domain,333-77-6578-929-000.info,3,0,94,medium,,,
domain,34533teams.xyz,8,1,94,high,,,dga
domain,34ovuk.codesandbox.io,4,0,94,medium,,,
domain,365jhsgbxsncnsuye67.live,8,0,94,high,,,dga
domain,365maineventco.com,5,0,94,high,,,
domain,365voicemessage.com,9,0,94,high,,,
domain,3dfzlrtsiwfibvfyql96zt.live,7,0,94,high,,,dga
domain,3fytwq.codesandbox.io,4,0,94,medium,,,
domain,5d4ba5ca-d814-4049-8ea3-af505f6e1e01.info,4,0,94,medium,,,dga|hex
domain,62zy6b.codesandbox.io,0,0,94,clean,,,
domain,660o5v.codesandbox.io,0,0,94,clean,,,
domain,77du0t.codesandbox.io,0,0,94,clean,,,
domain,7dmjmg20p8mty1nzexnjgzoc40ljeumty1nzexnzqxny4yng.co,7,0,94,high,,,dga
domain,7dmjmg20p8mty1ody5mjm4ms4xms4x.live,10,0,94,critical,,,dga
domain,7o7ttl.codesandbox.io,3,0,94,medium,,,
domain,8nk0ds.codesandbox.io,0,0,94,clean,,,
domain,9xybgc.codesandbox.io,0,0,94,clean,,,
domain,aaaaclub.net,10,0,94,critical,,,
domain,aaaaoffice635u.com,10,0,94,critical,,,
domain,abg-serviices.com,10,0,94,critical,,,
domain,accionabdjv.ca,4,0,94,medium,,,
domain,accvcam.com,9,0,94,high,,,
domain,acehomproducts.com,6,0,94,high,,,
domain,acqureioil.com,3,0,94,medium,,,
domain,acuciondi.com,9,0,94,high,,,
domain,adlokali.com,3,0,94,medium,,,
domain,adobe-06195.com,5,0,94,high,,,dga
domain,adobe-20648.com,9,0,94,high,,,
domain,adobe-54836.com,5,0,94,high,,,dga
domain,adobe-69451.com,2,0,94,medium,,,
domain,adobe-91506.com,3,0,94,medium,,,
domain,agre-ae.com,3,0,94,medium,,,
domain,agronne.com,6,0,94,high,,,
domain,aibels.com,7,0,94,high,,,
domain,ainorsigns.co,9,0,94,high,,,
domain,ainswat.com,3,0,94,medium,,,
domain,alamarcosmetics.xyz,9,1,94,high,,,
domain,alamoudiexchang-online.com,3,0,94,medium,,,
domain,alamoudiexchange-online.com,4,0,94,medium,,,
domain,alexmakanaki.com,4,0,94,medium,,,
domain,almflrm.com,7,0,94,high,,,dga
domain,alnapeckagingco.com,7,0,94,high,,,
domain,altoma-report.com,5,0,94,high,,,
domain,am-jlll.com,8,0,94,high,,,dga
domain,amat-us.com,8,0,94,high,,,
domain,ambleasia.co,9,0,94,high,,,
domain,aminocx.xyz,10,1,94,critical,,,
domain,appsinfo.xyz,6,0,94,high,,,
domain,aqriko.com,6,0,94,high,,,dga
domain,araedt.com,5,0,94,high,,,
domain,aritcac.com,9,0,94,high,,,
domain,ascisoft.com,5,0,94,high,,,
domain,asdfghgfdsa.com,5,0,94,high,,,dga
domain,asianwaterjet.com,3,0,94,medium,,,
domain,asn4.xyz,10,1,94,critical,,,
domain,assetprovidingsupport.xyz,8,1,94,high,,,
domain,assoulne.com,7,0,94,high,,,
domain,atg1.xyz,8,1,94,high,,,
domain,atg2.xyz,8,1,94,high,,,
domain,audlgreenville.com,4,0,94,medium,,,dga
domain,aufdreworld.com,3,0,94,medium,,,
domain,auhrticezemkrt.com,6,0,94,high,,,dga
domain,auth17.com,7,0,94,high,,,
domain,autsolut.net,5,0,94,high,,,
domain,avantscapital.com,7,0,94,high,,,
domain,avis-corporation.com,6,0,94,high,,,
domain,baincoorp.com,4,0,94,medium,,,
domain,bannesco.com,5,0,94,high,,,
domain,basinposal.com,7,0,94,high,,,
domain,bbld.xyz,10,0,94,critical,,,
domain,bckoffice.com,11,0,94,critical,,,self-signed
domain,bdudhurujrhrsvdgdg.com,9,0,94,high,,,
domain,behringermails.com,5,0,94,high,,,
domain,benchrnark.com,8,0,94,high,,,dga
domain,berightpw.com,9,0,94,high,,,
domain,bevcapmanagements.com,4,0,94,medium,,,
domain,biibbeo.com,4,0,94,medium,,,
domain,biofrontera-online.com,6,0,94,high,,,
domain,blackmorcpa.co,8,0,94,high,,,
domain,blockhoury.com,6,0,94,high,,,
domain,bluestoneqrp.com,3,0,94,medium,,,
domain,bluewaterlogisticsgroups.com,9,0,94,high,,,
domain,boghdetgtahstak.com,3,0,94,medium,,,dga
domain,bollinger-news.com,9,0,94,high,,,
domain,braagenh.com,4,0,94,medium,,,
domain,brabinfo.xyz,9,1,94,high,,,
domain,bragmutual.org,9,0,94,high,,,
domain,breadlaof.com,3,0,94,medium,,,
domain,brendghsgsddczx.com,4,0,94,medium,,,dga
domain,brentags.com,10,0,94,critical,,,
domain,btfufu.com,8,0,94,high,,,
domain,businessresourceshq.com,4,0,94,medium,,,
domain,buyhhcwholesale.com,5,0,94,high,,,dga
domain,c0poft.codesandbox.io,3,0,94,medium,,,
domain,c4xnjf.com,3,0,94,medium,,,dga
domain,caassoclates.com,4,0,94,medium,,,
domain,calling-phone.xyz,7,1,94,high,,,
domain,calspass.com,6,0,94,high,,,
domain,capitaln.org,10,0,94,critical,,,
domain,casgravels.com,5,0,94,high,,,
domain,cds-ddd.com,3,0,94,medium,,,
domain,celticvc.org,10,0,94,critical,,,
domain,centament.com,10,0,94,critical,,,
domain,chanpionpromotion.com,3,0,94,medium,,,
domain,chemtge.com,2,0,94,medium,,,
domain,chismstrategiies.com,8,0,94,high,,,
domain,ci-resuorces.com,3,0,94,medium,,,
domain,cidkslhtrifmentinimtimesoffdots.xyz,8,1,94,high,,,dga
domain,cityfederalcv.com,7,0,94,high,,,
domain,cityofchlcago.org,9,1,94,high,,,dga
domain,clearloginmailbox.com,6,0,94,high,,,
domain,clemenhagen.com,7,0,94,high,,,
domain,cloud-distributions.com,1,0,94,medium,,,
domain,clxbcj.codesandbox.io,3,0,94,medium,,,
domain,cnptrd.com,5,0,94,high,,,dga
domain,coastllnecapital.com,7,0,94,high,,,
domain,colonyretirement.org,9,0,94,high,,,
domain,comlivess.com,6,0,94,high,,,
domain,commtraclfloors.com,6,0,94,high,,,dga
domain,comoholdingusa.com,8,0,94,high,,,
domain,comoutlooks.com,9,0,94,high,,,
domain,congregationanshaitorah.com,3,0,94,medium,,,
domain,corned.co,6,1,94,high,,,
domain,costaenergyllc-report.com,2,0,94,medium,,,
domain,cpipaneiis.com,4,0,94,medium,,,dga
domain,craateoronlineecergynewnote.xyz,6,1,94,high,,,
domain,craigsintl.com,9,0,94,high,,,
domain,crossvalleyfcv.org,6,0,94,high,,,
domain,crswell.com,5,0,94,high,,,
domain,cscsteelsusa.com,8,0,94,high,,,
domain,cullensolicitors.com,4,0,94,medium,,,
domain,damerche.com,11,0,94,critical,,,
domain,dastoffidhtrifmentinimtimesoffdots.xyz,7,1,94,high,,,dga
domain,davisellen.com,10,0,94,critical,,,
domain,dbfjkndkhvsjfdyjdbdih.com,4,0,94,medium,,,dga
domain,dechanghitach.com,3,0,94,medium,,,
domain,dedrone-online.com,9,0,94,high,,,
domain,deseuwhioaks.xyz,9,1,94,high,,,dga
domain,dextermags.com,9,0,94,high,,,
domain,dfrfeedback7w.com,1,0,94,medium,,,
domain,difioreconstructions.net,4,0,94,medium,,,
domain,dirtymoneydenger.xyz,8,1,94,high,,,
domain,discoverlewis.co,9,0,94,high,,,
domain,disgros.com,2,0,94,medium,,,
domain,djtransportatlon.com,4,0,94,medium,,,
domain,dkdnspmeitlo.com,4,0,94,medium,,,dga
domain,dkfkofbnfiufbihfiuf.com,9,0,94,high,,,dga
domain,dlago.co,8,0,94,high,,,
domain,dlfcgzgpgwrdfjtkszrbzpzpwpndkd.com,10,0,94,critical,,,
domain,dnsnamess.com,3,0,94,medium,,,
domain,documentsharepoint.com,7,0,94,high,,,
domain,douglassedist.com,10,0,94,critical,,,
domain,downs-energys.com,9,0,94,high,,,
domain,dphinc.org,11,0,94,critical,,,
domain,drdrgroup.org,6,0,94,high,,,dga
domain,drussellccigroup.com,7,0,94,high,,,
domain,dse01.com,9,0,94,high,,,
domain,dsjusfd-lth.com,4,0,94,medium,,,dga
domain,durascrete.com,1,0,94,medium,,,
domain,dustaslde.com,6,0,94,high,,,
domain,dyndjdbhdjakshd.com,4,0,94,medium,,,dga
domain,dynnata.com,7,0,94,high,,,
domain,ebclh.org,8,0,94,high,,,
domain,efcotac.com,6,1,94,high,,,
domain,efscystems.com,10,0,94,critical,,,
domain,ehdd.net,0,0,94,clean,,,
domain,eiiisdone.com,12,0,94,critical,,,
domain,ejidoater.com,4,0,94,medium,,,
domain,ekwg9l.codesandbox.io,0,0,94,clean,,,
domain,elecorporattion.com,5,0,94,high,,,
domain,electronictransmission.net,8,0,94,high,,,
domain,elistsair.com,7,0,94,high,,,
domain,email-verification-access-password-notificafions.com,10,0,94,critical,,,
domain,emailaccess-expirynotification.com,7,0,94,high,,,
domain,emailaccess-passwordnotice.com,8,0,94,high,,,
domain,emediartslab.com,3,0,94,medium,,,
domain,encorebrard.com,7,0,94,high,,,
domain,encores-bz.com,4,0,94,medium,,,
domain,endoselec.com,4,0,94,medium,,,
domain,envizai.com,7,0,94,high,,,
domain,epovr9.codesandbox.io,0,0,94,clean,,,
domain,er849r.codesandbox.io,7,0,94,high,,,
domain,eriecommunltyfcu.org,8,0,94,high,,,dga
domain,etacenter.com,10,0,94,critical,,,
domain,etiselat.com,5,0,94,high,,,
domain,etxfabs.com,3,0,94,medium,,,dga
domain,eu-biuestarinc.com,4,0,94,medium,,,
domain,excelavgroups.com,3,0,94,medium,,,
domain,excelville.com,6,0,94,high,,,
domain,expirationrequest-passwordreminder.com,12,0,94,critical,,,
domain,expiryrequest-mailaccess.com,6,0,94,high,,,dga
domain,exyta.net,8,0,94,high,,,
domain,fabirtek.com,6,0,94,high,,,
domain,fabrinet-globals.com,4,0,94,medium,,,
domain,fabrinets.com,12,0,94,critical,,,
domain,fahdsuk.com,6,0,94,high,,,dga
domain,faircapitallc.com,6,0,94,high,,,
domain,fcmilndia.com,1,0,94,medium,,,
domain,fgtsolutions.co,10,0,94,critical,,,
domain,filkjooor.com,6,0,94,high,,,dga
domain,finalmanstandlap.com,5,1,94,high,,,
domain,fiorettl.com,3,0,94,medium,,,
domain,fiplodjfjfjnxjisski.com,7,0,94,high,,,dga
domain,firstablenefcu.org,9,0,94,high,,,
domain,flowerandmore.biz,7,0,94,high,,,
domain,fmh-corp.org,9,0,94,high,,,
domain,fnqynt.codesandbox.io,3,0,94,medium,,,
domain,forbedentallab.com,8,0,94,high,,,
domain,fr-ggori.xyz,10,1,94,critical,,,dga
domain,friendsofc-online.com,6,0,94,high,,,
domain,frontofflcce.com,8,0,94,high,,,dga
domain,fulier.ca,9,0,94,high,,,
domain,galatachemicals.net,10,0,94,critical,,,
domain,garefl.com,10,0,94,critical,,,
domain,gassentec.com,6,0,94,high,,,
domain,gatewaytubular.com,5,0,94,high,,,
domain,genevainn.org,5,0,94,high,,,
domain,gennfed.com,8,0,94,high,,,
domain,ghllamak.com,3,0,94,medium,,,
domain,ghvgghjjhbhbhb.com,3,0,94,medium,,,dga
domain,gianjet.com,4,0,94,medium,,,
domain,gimc-cocktail.com,2,0,94,medium,,,
domain,girvlnassoc.net,5,0,94,high,,,dga
domain,goarnstrong.com,5,0,94,high,,,
domain,graycardinal.ca,4,0,94,medium,,,
domain,greatwauecom.com,7,0,94,high,,,dga
domain,greenstalkholding.com,6,0,94,high,,,
domain,gsokoauyilpoi.com,12,0,94,critical,,,
domain,gspwii.com,3,0,94,medium,,,
domain,guardanthealths.com,9,0,94,high,,,
domain,hafe1e.com,3,0,94,medium,,,dga
domain,haglaegis.com,5,0,94,high,,,
domain,halalog.com,11,0,94,critical,,,
domain,halesjewelers.org,10,0,94,critical,,,
domain,harvestclhurchba.com,0,0,0,unknown,,,
domain,hasseco.co,0,0,0,unknown,,,
domain,hawaiianpr0p.com,0,0,0,unknown,,,
domain,hcisystem.net,0,0,0,unknown,,,
domain,healths-law.com,0,0,0,unknown,,,
domain,heibraunievey.com,0,0,0,unknown,,,
domain,hgjvdfvfh.com,0,0,0,unknown,,,
domain,hhppny.com,0,0,0,unknown,,,
domain,hidefsurveying.info,0,0,0,unknown,,,
domain,hjdlsksfhhn.com,0,0,0,unknown,,,
domain,hjfsty.codesandbox.io,0,0,0,unknown,,,
domain,hokualakavai.com,0,0,0,unknown,,,
domain,holder-fcl.com,0,0,0,unknown,,,
domain,horizonholdlngs.com,0,0,0,unknown,,,
domain,horstandgrabenwealth.xyz,0,0,0,unknown,,,
domain,hsshd729s.com,0,0,0,unknown,,,
domain,huguhsings.com,0,0,0,unknown,,,
domain,iaunchfinance.com,0,0,0,unknown,,,
domain,imperialprecision.org,0,0,0,unknown,,,
domain,inboxmainchil.com,0,0,0,unknown,,,
domain,infokeysinc-mlcrosoftpasswdd.com,0,0,0,unknown,,,
domain,infomicrosoft.net,0,0,0,unknown,,,
domain,innfinancial.net,0,0,0,unknown,,,
domain,insaertab.com,0,0,0,unknown,,,
domain,instagzone.com,0,0,0,unknown,,,
domain,intrepidpotashs.com,0,0,0,unknown,,,
domain,ireataeoronlineecergynewnote.xyz,0,0,0,unknown,,,
domain,isccontractings.com,0,0,0,unknown,,,
domain,ispschools.co,0,0,0,unknown,,,
domain,itsonlinewiththefileofficeofficial.xyz,0,0,0,unknown,,,
domain,iukygt98yu09i8iuy908iuy908iuytrgfh67.com,0,0,0,unknown,,,
domain,iz8ieq.codesandbox.io,0,0,0,unknown,,,
domain,j3buwf.codesandbox.io,0,0,0,unknown,,,
domain,jkvpu5.codesandbox.io,0,0,0,unknown,,,
domain,jsptsenergy.com,0,0,0,unknown,,,
domain,jukiyq.com,0,0,0,unknown,,,
domain,k54431.codesandbox.io,0,0,0,unknown,,,
domain,k8zngr.codesandbox.io,0,0,0,unknown,,,
domain,kathisp.com,0,0,0,unknown,,,
domain,kbnoffice.com,0,0,0,unknown,,,
domain,keep356fgfhgutryt.com,0,0,0,unknown,,,
domain,keepsettingsinfoanon.com,0,0,0,unknown,,,
domain,kg4pxm.codesandbox.io,0,0,0,unknown,,,
domain,kickte.com,0,0,0,unknown,,,
domain,kiymanfinancial.com,0,0,0,unknown,,,
domain,kj4brvghvjk.com,0,0,0,unknown,,,
domain,kleinfalder.com,0,0,0,unknown,,,
domain,klimateshield.net,0,0,0,unknown,,,
domain,knyjbio.com,0,0,0,unknown,,,
domain,koc-tr.com,0,0,0,unknown,,,
domain,ktorresrray.com,0,0,0,unknown,,,
domain,kupolae.com,0,0,0,unknown,,,
domain,kushyedhfman.com,0,0,0,unknown,,,
domain,lakrvsm.com,0,0,0,unknown,,,
domain,lanckstele.com,0,0,0,unknown,,,
domain,lang-cq.com,0,0,0,unknown,,,
domain,leedseng.com,0,0,0,unknown,,,
domain,levaelld.com,0,0,0,unknown,,,
domain,lfiliumination.com,0,0,0,unknown,,,
domain,lifetechrned.com,0,0,0,unknown,,,
domain,litechcking.xyz,0,0,0,unknown,,,
domain,lityrest.com,0,0,0,unknown,,,
domain,liwsupply.com,0,0,0,unknown,,,
domain,lkhgfghccghgh366555.com,0,0,0,unknown,,,
domain,lmscorp-us.com,0,0,0,unknown,,,
domain,lnstream.net,0,0,0,unknown,,,
domain,lntrecash.com,0,0,0,unknown,,,
domain,logindri-veshare.live,0,0,0,unknown,,,
domain,loginmicrossft.co,0,0,0,unknown,,,
domain,logsettingsforlog.com,0,0,0,unknown,,,
domain,lointree.com,0,0,0,unknown,,,
domain,longetivity.co.uk,0,0,0,unknown,,,
domain,lq1nq3.codesandbox.io,0,0,0,unknown,,,
domain,m0367d6378b355472d879736b7350.live,0,0,0,unknown,,,
domain,m0autthxxd47.com,0,0,0,unknown,,,
domain,mabdhufbwkshudgvhu.com,0,0,0,unknown,,,
domain,madasmaneudonedeo.com,0,0,0,unknown,,,
domain,mailpasswordexpiry-reminder.com,0,0,0,unknown,,,
domain,mailscancache.com,0,0,0,unknown,,,
domain,mailstoragenoticeonline.com,0,0,0,unknown,,,
domain,makairalandscaqe.com,0,0,0,unknown,,,
domain,managementlocks.com,0,0,0,unknown,,,
domain,mandnsjeyrusmskbdv.com,0,0,0,unknown,,,
domain,mansoolsnsjwuajshd.com,0,0,0,unknown,,,
domain,mapdatew.com,0,0,0,unknown,,,
domain,marshwestin.com,0,0,0,unknown,,,
domain,marynellmalonyelawfirm.com,0,0,0,unknown,,,
domain,mashcapyusu.org,0,0,0,unknown,,,
domain,mashroecy.com,0,0,0,unknown,,,
domain,maxismstaffing.com,0,0,0,unknown,,,
domain,mcrosftpasswd-activity.com,0,0,0,unknown,,,
domain,meqal-secure.com,0,0,0,unknown,,,
domain,merrakii.com,0,0,0,unknown,,,
domain,messageallianceclue.com,0,0,0,unknown,,,
domain,mhkspartners.com,0,0,0,unknown,,,
domain,miccrosoftttoficee365.com,0,0,0,unknown,,,
domain,miccrrosoftsecure.com,0,0,0,unknown,,,
domain,microtki.com,0,0,0,unknown,,,
domain,mindfulbirthnj.com,0,0,0,unknown,,,
domain,mirevabalika.xyz,0,0,0,unknown,,,
domain,mllklabor.org,0,0,0,unknown,,,
domain,mlly.xyz,0,0,0,unknown,,,
domain,moralibbx.xyz,0,0,0,unknown,,,
domain,morent.co,0,0,0,unknown,,,
domain,moreoff376.com,0,0,0,unknown,,,
domain,morrisonheshfield.com,0,0,0,unknown,,,
domain,mrecateoronlineecergynewnote.xyz,0,0,0,unknown,,,
domain,mservcfrduud.com,0,0,0,unknown,,,
domain,mslawtc.com,0,0,0,unknown,,,
domain,mso-10.com,0,0,0,unknown,,,
domain,mso-4.com,0,0,0,unknown,,,
domain,mso-6.com,0,0,0,unknown,,,
domain,msokool.com,0,0,0,unknown,,,
domain,msonline.club,0,0,0,unknown,,,
domain,mssoleop.com,0,0,0,unknown,,,
domain,mvis9x.codesandbox.io,0,0,0,unknown,,,
domain,mxfdsam3new.com,0,0,0,unknown,,,
domain,mypage-corporate.com,0,0,0,unknown,,,
domain,myplos.com,0,0,0,unknown,,,
domain,nailbur.com,0,0,0,unknown,,,
domain,nanbhx.com,0,0,0,unknown,,,
domain,nce-sg.com,0,0,0,unknown,,,
domain,netcapittal.com,0,0,0,unknown,,,
domain,newmanregencytransmission.com,0,0,0,unknown,,,
domain,newmansimpsons.com,0,0,0,unknown,,,
domain,newrecalluser.com,0,0,0,unknown,,,
domain,newttech-sys.com,0,0,0,unknown,,,
domain,nfnoffice.com,0,0,0,unknown,,,
domain,nkccpa.com,0,0,0,unknown,,,
domain,nlmeks.com,0,0,0,unknown,,,
domain,nmed-lab.com,0,0,0,unknown,,,
domain,nordicstrustee.com,0,0,0,unknown,,,
domain,northvolts.com,0,0,0,unknown,,,
domain,nutritionadvisors.org,0,0,0,unknown,,,
domain,ny-vee.co,0,0,0,unknown,,,
domain,oauth7.com,0,0,0,unknown,,,
domain,ofccuu.com,0,0,0,unknown,,,
domain,officefilest.com,0,0,0,unknown,,,
domain,officeoutteamworkstation.com,0,0,0,unknown,,,
domain,offilincom.com,0,0,0,unknown,,,
domain,offjkhgvc.com,0,0,0,unknown,,,
domain,offwmi.com,0,0,0,unknown,,,
domain,on8pb2.codesandbox.io,0,0,0,unknown,,,
domain,oniline-mics.com,0,0,0,unknown,,,
domain,onlineoffce.com,0,0,0,unknown,,,
domain,onlinservices.club,0,0,0,unknown,,,
domain,onsettingsdav.com,0,0,0,unknown,,,
domain,ophoustons.com,0,0,0,unknown,,,
domain,oreqonaero.com,0,0,0,unknown,,,
domain,os1connect.com,0,0,0,unknown,,,
domain,oslappy.com,0,0,0,unknown,,,
domain,oufcv.com,0,0,0,unknown,,,
domain,ourin.xyz,0,0,0,unknown,,,
domain,outlookfilesauthentication.com,0,0,0,unknown,,,
domain,ovfcv.com,0,0,0,unknown,,,
domain,owlautoai.com,0,0,0,unknown,,,
domain,owlwarrantyai.com,0,0,0,unknown,,,
domain,oxtelidi.com,0,0,0,unknown,,,
domain,paccommtg.com,0,0,0,unknown,,,
domain,paceqallery.com,0,0,0,unknown,,,
domain,paksolvtionsusa.com,0,0,0,unknown,,,
domain,palcogenerator.com,0,0,0,unknown,,,
domain,pars-org.com,0,0,0,unknown,,,
domain,passportinc-onlinecom.com,0,0,0,unknown,,,
domain,password00verification385518485.com,0,0,0,unknown,,,
domain,password0verify6767971208.com,0,0,0,unknown,,,
domain,pathwavscu.com,0,0,0,unknown,,,
domain,patterrnenergy.com,0,0,0,unknown,,,
domain,pbiapp.com,0,0,0,unknown,,,
domain,pc292i.codesandbox.io,0,0,0,unknown,,,
domain,pelladrect.com,0,0,0,unknown,,,
domain,pepslco.com,0,0,0,unknown,,,
domain,perfectsmile-dcntal.com,0,0,0,unknown,,,
domain,perkinlawtx.com,0,0,0,unknown,,,
domain,permobill.com,0,0,0,unknown,,,
domain,pflzer.co,0,0,0,unknown,,,
domain,pheniexnt.com,0,0,0,unknown,,,
domain,pilarcu.com,0,0,0,unknown,,,
domain,pjoumm.codesandbox.io,0,0,0,unknown,,,
domain,playboyhouse.xyz,0,0,0,unknown,,,
domain,playersoft.co,0,0,0,unknown,,,
domain,poetape.com,0,0,0,unknown,,,
domain,poiu767678i89p98o7o98po9p7p67p7op654re.com,0,0,0,unknown,,,
domain,portalquery-expirynotice.com,0,0,0,unknown,,,
domain,portalresolve-reminder.com,0,0,0,unknown,,,
domain,portconnfcuu.com,0,0,0,unknown,,,
domain,povndmgt.com,0,0,0,unknown,,,
domain,pqkkwkkskdjqwpokhjqoqpqpakqpqiwqqpqowqpwooq.com,0,0,0,unknown,,,
domain,preferred-properties.info,0,0,0,unknown,,,
domain,pressin.xyz,0,0,0,unknown,,,
domain,pretressservices.com,0,0,0,unknown,,,
domain,priaso.com,0,0,0,unknown,,,
domain,primwests.com,0,0,0,unknown,,,
domain,project-scop.com,0,0,0,unknown,,,
domain,project-scop.live,0,0,0,unknown,,,
domain,psscontractor.com,0,0,0,unknown,,,
domain,qsummary.online,0,0,0,unknown,,,
domain,quintadapraiaverde.com,0,0,0,unknown,,,
domain,quzqvm.codesandbox.io,0,0,0,unknown,,,
domain,qwlckrate.com,0,0,0,unknown,,,
domain,r4services.org,0,0,0,unknown,,,
domain,radsotek.com,0,0,0,unknown,,,
domain,railsone-usa.com,0,0,0,unknown,,,
domain,ramsmtgcaps.com,0,0,0,unknown,,,
domain,ranndlog.com,0,0,0,unknown,,,
domain,raptrotech.com,0,0,0,unknown,,,
domain,rchrsc.com,0,0,0,unknown,,,
domain,reddinc.org,0,0,0,unknown,,,
domain,reidterrasolution.com,0,0,0,unknown,,,
domain,riuyimachine.com,0,0,0,unknown,,,
domain,rmcdmcc.com,0,0,0,unknown,,,
domain,rn8hs6.codesandbox.io,0,0,0,unknown,,,
domain,rnechcollc.com,0,0,0,unknown,,,
domain,rodlncoinc.com,0,0,0,unknown,,,
domain,ructioninc.com,0,0,0,unknown,,,
domain,sablepw.top,0,0,0,unknown,,,
domain,safelinks.online,0,0,0,unknown,,,
domain,saicorp.co,0,0,0,unknown,,,
domain,salesforcie.com,0,0,0,unknown,,,
domain,sancoent.org,0,0,0,unknown,,,
domain,sbvdjhsadbvjfrkuvfbhdhd.com,0,0,0,unknown,,,
domain,scbhubonc.co,0,0,0,unknown,,,
domain,secrelogrussmake.com,0,0,0,unknown,,,
domain,sembmarine-online.com,0,0,0,unknown,,,
domain,seneca-report.com,0,0,0,unknown,,,
domain,serviceproviderrs.com,0,0,0,unknown,,,
domain,servicewebofficeindex361loginemail.online,0,0,0,unknown,,,
domain,settings0365.com,0,0,0,unknown,,,
domain,shapshap22.com,0,0,0,unknown,,,
domain,share-access-notifications.com,0,0,0,unknown,,,
domain,sharepoint-access-notifications.com,0,0,0,unknown,,,
domain,shdjfbfjfskjdfyfgngjgjg.com,0,0,0,unknown,,,
domain,shelils.com,0,0,0,unknown,,,
domain,shenoeup.com,0,0,0,unknown,,,
domain,siemens-energv.com,0,0,0,unknown,,,
domain,siktadmog.com,0,0,0,unknown,,,
domain,single-temps.com,0,0,0,unknown,,,
domain,situationintarective.com,0,0,0,unknown,,,
domain,sixspartnerrs.com,0,0,0,unknown,,,
domain,sjsjsjsjsjsjsjsssjsj.club,0,0,0,unknown,,,
domain,sjtug9.codesandbox.io,0,0,0,unknown,,,
domain,slakdkslpeop.com,0,0,0,unknown,,,
domain,somaloglc.org,0,0,0,unknown,,,
domain,spcc-toledo.net,0,0,0,unknown,,,
domain,sproquela.com,0,0,0,unknown,,,
domain,sroauth.xyz,0,0,0,unknown,,,
domain,ssosignons356.com,0,0,0,unknown,,,
domain,stablematerials.com,0,0,0,unknown,,,
domain,stanepp.org,0,0,0,unknown,,,
domain,steelwrists.com,0,0,0,unknown,,,
domain,stenfordedu.com,0,0,0,unknown,,,
domain,stocksfroozen.xyz,0,0,0,unknown,,,
domain,stonecastlepartnerrs.com,0,0,0,unknown,,,
domain,styguhidsyhuidsyzuhids7husd78xds7zx8ds7zx89jids.com,0,0,0,unknown,,,
domain,subsiquent-protection.xyz,0,0,0,unknown,,,
domain,substentialsecurepron.xyz,0,0,0,unknown,,,
domain,sumiy0shi.com,0,0,0,unknown,,,
domain,swesreport.com,0,0,0,unknown,,,
domain,sxhygdhsg.co,0,0,0,unknown,,,
domain,synergipartnars.com,0,0,0,unknown,,,
domain,sysvamps.com,0,0,0,unknown,,,
domain,tahoebiltmore.org,0,0,0,unknown,,,
domain,tankequipments.com,0,0,0,unknown,,,
domain,temcopi.com,0,0,0,unknown,,,
domain,teremilazer.com,0,0,0,unknown,,,
domain,terminalvfest.co.uk,0,0,0,unknown,,,
domain,terracon-report.com,0,0,0,unknown,,,
domain,terryappraisalsgroup.com,0,0,0,unknown,,,
domain,texantitle-report.com,0,0,0,unknown,,,
domain,theeveristco.com,0,0,0,unknown,,,
domain,thejyygroup.com,0,0,0,unknown,,,
domain,themaplob.com,0,0,0,unknown,,,
domain,thereportbot.com,0,0,0,unknown,,,
domain,tigoenergym1crosoft-passwd.com,0,0,0,unknown,,,
domain,tmasites.co.uk,0,0,0,unknown,,,
domain,tmhfcv.org,0,0,0,unknown,,,
domain,tonic-collective.live,0,0,0,unknown,,,
domain,tri-iinc.net,0,0,0,unknown,,,
domain,triboro-fcv.org,0,0,0,unknown,,,
domain,truebjj.com,0,0,0,unknown,,,
domain,tuemereliaz.com,0,0,0,unknown,,,
domain,tz29yo.codesandbox.io,0,0,0,unknown,,,
domain,u2xyhg.codesandbox.io,0,0,0,unknown,,,
domain,ud8sa.com,0,0,0,unknown,,,
domain,ulakhaberlesme-online.com,0,0,0,unknown,,,
domain,unidinex.com,0,0,0,unknown,,,
domain,uniltedrental.com,0,0,0,unknown,,,
domain,unionblz.org,0,0,0,unknown,,,
domain,unltedrental.com,0,0,0,unknown,,,
domain,urbantrustscapital.com,0,0,0,unknown,,,
domain,urw-us.com,0,0,0,unknown,,,
domain,ushinsk.com,0,0,0,unknown,,,
domain,uswurskland.com,0,0,0,unknown,,,
domain,utpostra.com,0,0,0,unknown,,,
domain,uueb837en.com,0,0,0,unknown,,,
domain,uzomafoundation.com,0,0,0,unknown,,,
domain,valentern.com,0,0,0,unknown,,,
domain,vectaenvironml.xyz,0,0,0,unknown,,,
domain,venovoice.online,0,0,0,unknown,,,
domain,ventiott.com,0,0,0,unknown,,,
domain,vesonn.com,0,0,0,unknown,,,
domain,vicetelejhgvfhj.com,0,0,0,unknown,,,
domain,viewsprotech.com,0,0,0,unknown,,,
domain,villatelperu.com,0,0,0,unknown,,,
domain,vistabank-report.com,0,0,0,unknown,,,
domain,vm-buscall.club,0,0,0,unknown,,,
domain,vm-service.xyz,0,0,0,unknown,,,
domain,vmonlineservice.xyz,0,0,0,unknown,,,
domain,vmsendermails.xyz,0,0,0,unknown,,,
domain,vodafonex.online,0,0,0,unknown,,,
domain,von-lincs.shop,0,0,0,unknown,,,
domain,vrmarath0n.com,0,0,0,unknown,,,
domain,vurijuireiujmfdusijeruijmfudisjdsaim.com,0,0,0,unknown,,,
domain,waunacvorg.com,0,0,0,unknown,,,
domain,webcore2.com,0,0,0,unknown,,,
domain,webcore3.com,0,0,0,unknown,,,
domain,webmailservice.site,0,0,0,unknown,,,
domain,websecuritynotice.com,0,0,0,unknown,,,
domain,weldongranger.com,0,0,0,unknown,,,
domain,wellingtons-partners.com,0,0,0,unknown,,,
domain,westmariinfund.org,0,0,0,unknown,,,
domain,whoerkemshdh.com,0,0,0,unknown,,,
domain,wiliampenn.com,0,0,0,unknown,,,
domain,windssorservices.com,0,0,0,unknown,,,
domain,wis3po-1k60i5bn-jwza24.com,0,0,0,unknown,,,
domain,wittial.com,0,0,0,unknown,,,
domain,wonjiinco.com,0,0,0,unknown,,,
domain,workenterservice.com,0,0,0,unknown,,,
domain,worldexchangechbe.com,0,0,0,unknown,,,
domain,xcduoyuuwa.com,0,0,0,unknown,,,
domain,xdtmw5.codesandbox.io,0,0,0,unknown,,,
domain,xlikk.com,0,0,0,unknown,,,
domain,y7dp2d.codesandbox.io,0,0,0,unknown,,,
domain,yhjfdhgjdhunjdyuidesuidsuihjfdjkies.com,0,0,0,unknown,,,
domain,yickhoesgroup.com,0,0,0,unknown,,,
domain,yolmathy.com,0,0,0,unknown,,,
domain,zhongt0ng.org,0,0,0,unknown,,,
domain,zwec9y.codesandbox.io,0,0,0,unknown,,,
